title,price,rating,reviews,availability
Title not found,Not Available,4.5 out of 5 stars.,No Reviews,Not Available
Title not found,Not Available,No Rating,No Reviews,Not Available
Title not found,$499.00,4.6 out of 5 stars,No Reviews,"Dec 10, 2023 | by PlayStation"
Title not found,$699.00,4.4 out of 5 stars,No Reviews,"ESRB Rating: Everyone | Nov 7, 2024 | by PlayStation"
Title not found,Not Available,No Rating,No Reviews,by Amazon Renewed
Title not found,Not Available,No Rating,No Reviews,Not Available
Title not found,$515.00,4.5 out of 5 stars,No Reviews,Only 3 left in stock - order soon.
Title not found,$604.95,4.8 out of 5 stars,No Reviews,"Nov 10, 2023 | by PlayStation"
Title not found,$526.99,4.9 out of 5 stars,No Reviews,by PlayStation
Title not found,$139.90,4.7 out of 5 stars,No Reviews,"Nov 21, 2024 | by PlayStation"
Title not found,$439.99,3.8 out of 5 stars,No Reviews,by Amazon Renewed
Title not found,$408.99,3.4 out of 5 stars,No Reviews,by Amazon Renewed
Title not found,Not Available,4.5 out of 5 stars,No Reviews,"ESRB Rating: Everyone | Sep 4, 2024 | by PlayStation"
Title not found,Not Available,4.7 out of 5 stars,No Reviews,"Nov 10, 2023 | by PlayStation"
Title not found,$69.99,4.0 out of 5 stars,No Reviews,"ESRB Rating: Mature | Mar 20, 2025 | by Ubisoft"
Title not found,$469.00,3.8 out of 5 stars,No Reviews,More Buying Choices$445.50(6 new offers)
Title not found,$569.99,4.8 out of 5 stars,No Reviews,"Nov 9, 2022 | by PlayStation"
Title not found,Not Available,4.6 out of 5 stars,No Reviews,"ESRB Rating: Teen | Nov 22, 2024 | by PlayStation"
Title not found,$604.54,No Rating,No Reviews,"Mar 13, 2025 | by Sony"
Title not found,$569.99,4.8 out of 5 stars,No Reviews,"Nov 9, 2022 | by PlayStation"
Title not found,$559.99,4.8 out of 5 stars,No Reviews,"Oct 1, 2022 | by PlayStation"
Title not found,$569.99,4.8 out of 5 stars,No Reviews,"Nov 9, 2022"
Title not found,$569.99,4.8 out of 5 stars,No Reviews,"Nov 9, 2022"
Title not found,$59.99,4.3 out of 5 stars,No Reviews,by Dobewingdelou
Title not found,$33.99,4.4 out of 5 stars,No Reviews,15% off coupon appliedSave 15%  with coupon
Title not found,$134.99,4.5 out of 5 stars,No Reviews,by BABY CUDDLE BOX
Title not found,$29.99,4.4 out of 5 stars,No Reviews,by Kytok
Title not found,$138.54,4.0 out of 5 stars,No Reviews,Not Available
Title not found,Not Available,No Rating,No Reviews,Not Available
Title not found,$229.95,3.6 out of 5 stars,No Reviews,by MODDEDZONE
Title not found,$39.80,4.8 out of 5 stars,No Reviews,"Oct 25, 2024 | by SEGA"
Title not found,$19.99,4.8 out of 5 stars,No Reviews,by Krypthos
Title not found,$192.04,4.3 out of 5 stars,No Reviews,"Sep 22, 2024"
Title not found,$192.04,4.3 out of 5 stars,No Reviews,"Sep 22, 2024"
Title not found,$67.49,4.6 out of 5 stars,No Reviews,Exclusive Prime price
Title not found,$32.99,4.3 out of 5 stars,No Reviews,by Coooudqs
Title not found,$28.79,4.9 out of 5 stars,No Reviews,by Coooudqs
Title not found,$21.99,4.4 out of 5 stars,No Reviews,Exclusive Prime price
Title not found,Not Available,No Rating,No Reviews,Not Available
Title not found,Not Available,No Rating,No Reviews,Not Available
Title not found,Not Available,No Rating,No Reviews,Not Available
Title not found,Not Available,No Rating,No Reviews,Not Available
Title not found,Not Available,No Rating,No Reviews,Not Available
Title not found,Not Available,No Rating,No Reviews,Not Available
Title not found,Not Available,No Rating,No Reviews,Not Available
